{"cameraMode":{"drawMode":0,"name":"Shaded","section":"Shading Mode"},"sceneLighting":false,"audioPlay":false,"sceneViewState":{"m_AlwaysRefresh":false,"showFog":true,"showSkybox":true,"showFlares":true,"showImageEffects":true,"showParticleSystems":true,"showVisualEffectGraphs":true,"m_FxEnabled":true},"in2DMode":false,"pivot":{"x":35.013641357421878,"y":630.8082885742188,"z":-2.6696860790252687},"rotation":{"x":0.23751512169837953,"y":-0.6179926991462708,"z":0.20297953486442567,"w":0.7216727137565613},"size":42.02116012573242,"orthographic":true}